year,name,count,sex,rank
2002,JULIA,11854,woman,1
2002,JAKUB,18013,man,1
2002,WIKTORIA,11356,woman,2
2002,MATEUSZ,10170,man,2
2002,NATALIA,9963,woman,3
2002,KACPER,10046,man,3
2002,ALEKSANDRA,9176,woman,4
2002,MICHAŁ,8354,man,4
2002,WERONIKA,6480,woman,5
2002,DAWID,7713,man,5
2002,ZUZANNA,6213,woman,6
2002,PATRYK,5727,man,6
2002,MARTYNA,5935,woman,7
2002,SZYMON,5285,man,7
2002,KAROLINA,5901,woman,8
2002,KAMIL,5074,man,8
2002,KLAUDIA,5827,woman,9
2002,PIOTR,4828,man,9
2002,PATRYCJA,4949,woman,10
2002,BARTOSZ,4600,man,10
2002,PAULINA,4799,woman,11
2002,DOMINIK,4238,man,11
2002,OLIWIA,4202,woman,12
2002,MACIEJ,3906,man,12
2002,ANNA,3916,woman,13
2002,ŁUKASZ,3906,man,13
2002,KATARZYNA,3817,woman,14
2002,ADRIAN,3783,man,14
2002,DOMINIKA,3527,woman,15
2002,PAWEŁ,3751,man,15
2002,MAGDALENA,3425,woman,16
2002,FILIP,3482,man,16
2002,KINGA,3106,woman,17
2002,MIKOŁAJ,3181,man,17
2002,GABRIELA,2962,woman,18
2002,ADAM,3036,man,18
2002,ALICJA,2703,woman,19
2002,DAMIAN,2961,man,19
2002,EMILIA,2675,woman,20
2002,SEBASTIAN,2940,man,20
2002,MARTA,2580,woman,21
2002,WIKTOR,2809,man,21
2002,AGATA,2281,woman,22
2002,KRYSTIAN,2767,man,22
2002,NIKOLA,2096,woman,23
2002,BARTŁOMIEJ,2760,man,23
2002,KAMILA,2024,woman,24
2002,KRZYSZTOF,2733,man,24
2002,SANDRA,1950,woman,25
2002,MARCIN,2718,man,25
2002,AMELIA,1925,woman,26
2002,HUBERT,2508,man,26
2002,AGNIESZKA,1920,woman,27
2002,WOJCIECH,2463,man,27
2002,MAJA,1900,woman,28
2002,DANIEL,2322,man,28
2002,MAŁGORZATA,1881,woman,29
2002,JAN,2312,man,29
2002,JOANNA,1876,woman,30
2002,TOMASZ,2310,man,30
2002,DARIA,1760,woman,31
2002,KAROL,2141,man,31
2002,MARIA,1756,woman,32
2002,KONRAD,2040,man,32
2002,MONIKA,1644,woman,33
2002,MIŁOSZ,1860,man,33
2002,IZABELA,1615,woman,34
2002,OSKAR,1799,man,34
2002,JUSTYNA,1560,woman,35
2002,MAKSYMILIAN,1663,man,35
2002,ZOFIA,1468,woman,36
2002,RAFAŁ,1449,man,36
2002,ANGELIKA,1294,woman,37
2002,PRZEMYSŁAW,1418,man,37
2002,ROKSANA,1061,woman,38
2002,GRZEGORZ,1415,man,38
2002,EWELINA,999,woman,39
2002,ALEKSANDER,1294,man,39
2002,LAURA,937,woman,40
2002,IGOR,1149,man,40
2002,MILENA,899,woman,41
2002,ARKADIUSZ,1018,man,41
2002,EWA,854,woman,42
2002,MARCEL,1011,man,42
2002,SYLWIA,824,woman,43
2002,RADOSŁAW,993,man,43
2002,OLGA,822,woman,44
2002,ERYK,984,man,44
2002,SARA,797,woman,45
2002,NORBERT,938,man,45
2002,BARBARA,726,woman,46
2002,MAREK,891,man,46
2002,ADRIANNA,716,woman,47
2002,ARTUR,861,man,47
2002,MARCELINA,691,woman,48
2002,NIKODEM,832,man,48
2002,JAGODA,652,woman,49
2002,ROBERT,754,man,49
2002,KORNELIA,607,woman,50
2002,ANDRZEJ,587,man,50
2003,JULIA,12117,woman,1
2003,JAKUB,16426,man,1
2003,WIKTORIA,11884,woman,2
2003,KACPER,11855,man,2
2003,NATALIA,9012,woman,3
2003,MATEUSZ,10307,man,3
2003,ALEKSANDRA,8645,woman,4
2003,MICHAŁ,7526,man,4
2003,OLIWIA,6642,woman,5
2003,DAWID,6318,man,5
2003,WERONIKA,6171,woman,6
2003,SZYMON,5482,man,6
2003,ZUZANNA,5886,woman,7
2003,PATRYK,5320,man,7
2003,MARTYNA,5659,woman,8
2003,KAMIL,4833,man,8
2003,KAROLINA,5322,woman,9
2003,BARTOSZ,4606,man,9
2003,PATRYCJA,4743,woman,10
2003,PIOTR,4504,man,10
2003,KLAUDIA,4552,woman,11
2003,MACIEJ,4242,man,11
2003,PAULINA,3979,woman,12
2003,DOMINIK,3815,man,12
2003,KATARZYNA,3935,woman,13
2003,FILIP,3657,man,13
2003,ANNA,3528,woman,14
2003,PAWEŁ,3535,man,14
2003,KINGA,3258,woman,15
2003,WIKTOR,3450,man,15
2003,DOMINIKA,3147,woman,16
2003,ADRIAN,3442,man,16
2003,MAGDALENA,3053,woman,17
2003,MIKOŁAJ,3147,man,17
2003,AMELIA,2909,woman,18
2003,ŁUKASZ,3113,man,18
2003,GABRIELA,2873,woman,19
2003,BARTŁOMIEJ,2979,man,19
2003,EMILIA,2850,woman,20
2003,ADAM,2916,man,20
2003,MARTA,2694,woman,21
2003,DAMIAN,2683,man,21
2003,ALICJA,2667,woman,22
2003,SEBASTIAN,2515,man,22
2003,NIKOLA,2447,woman,23
2003,KRYSTIAN,2504,man,23
2003,MAJA,2391,woman,24
2003,JAN,2485,man,24
2003,AGATA,2053,woman,25
2003,KRZYSZTOF,2466,man,25
2003,MARIA,1887,woman,26
2003,TOMASZ,2458,man,26
2003,DARIA,1806,woman,27
2003,HUBERT,2427,man,27
2003,MAŁGORZATA,1745,woman,28
2003,MARCIN,2370,man,28
2003,KAMILA,1735,woman,29
2003,OSKAR,2276,man,29
2003,SANDRA,1724,woman,30
2003,DANIEL,2184,man,30
2003,JOANNA,1685,woman,31
2003,WOJCIECH,2161,man,31
2003,AGNIESZKA,1664,woman,32
2003,IGOR,2116,man,32
2003,ZOFIA,1531,woman,33
2003,KONRAD,2116,man,33
2003,ROKSANA,1467,woman,34
2003,KAROL,1832,man,34
2003,JUSTYNA,1377,woman,35
2003,MAKSYMILIAN,1789,man,35
2003,IZABELA,1333,woman,36
2003,MIŁOSZ,1708,man,36
2003,MONIKA,1300,woman,37
2003,ALEKSANDER,1573,man,37
2003,LAURA,1123,woman,38
2003,MARCEL,1363,man,38
2003,ANGELIKA,1016,woman,39
2003,RAFAŁ,1324,man,39
2003,MILENA,939,woman,40
2003,PRZEMYSŁAW,1199,man,40
2003,EWELINA,908,woman,41
2003,GRZEGORZ,1189,man,41
2003,HANNA,874,woman,42
2003,ERYK,1170,man,42
2003,KORNELIA,864,woman,43
2003,NORBERT,888,man,43
2003,OLGA,799,woman,44
2003,RADOSŁAW,881,man,44
2003,EWA,787,woman,45
2003,NIKODEM,852,man,45
2003,JAGODA,787,woman,46
2003,ANTONI,836,man,46
2003,SARA,746,woman,47
2003,STANISŁAW,831,man,47
2003,SYLWIA,725,woman,48
2003,MAREK,823,man,48
2003,BARBARA,724,woman,49
2003,ARKADIUSZ,804,man,49
2003,MARCELINA,682,woman,50
2003,ARTUR,737,man,50
2004,JULIA,13734,woman,1
2004,JAKUB,16431,man,1
2004,WIKTORIA,11205,woman,2
2004,KACPER,12796,man,2
2004,NATALIA,9152,woman,3
2004,MATEUSZ,10540,man,3
2004,ALEKSANDRA,9024,woman,4
2004,MICHAŁ,6925,man,4
2004,OLIWIA,8480,woman,5
2004,DAWID,5891,man,5
2004,ZUZANNA,6496,woman,6
2004,SZYMON,5708,man,6
2004,WERONIKA,6012,woman,7
2004,KAMIL,5249,man,7
2004,MARTYNA,5765,woman,8
2004,BARTOSZ,5143,man,8
2004,KAROLINA,4664,woman,9
2004,PATRYK,4841,man,9
2004,PATRYCJA,4282,woman,10
2004,MACIEJ,4757,man,10
2004,KLAUDIA,4210,woman,11
2004,PIOTR,4577,man,11
2004,KINGA,3527,woman,12
2004,FILIP,4172,man,12
2004,ANNA,3472,woman,13
2004,DOMINIK,3889,man,13
2004,PAULINA,3394,woman,14
2004,PAWEŁ,3801,man,14
2004,MAJA,3386,woman,15
2004,MIKOŁAJ,3537,man,15
2004,AMELIA,3264,woman,16
2004,WIKTOR,3509,man,16
2004,MAGDALENA,3180,woman,17
2004,ADRIAN,2932,man,17
2004,KATARZYNA,3111,woman,18
2004,ADAM,2906,man,18
2004,DOMINIKA,3103,woman,19
2004,BARTŁOMIEJ,2874,man,19
2004,EMILIA,2934,woman,20
2004,IGOR,2805,man,20
2004,GABRIELA,2824,woman,21
2004,ŁUKASZ,2677,man,21
2004,NIKOLA,2695,woman,22
2004,JAN,2631,man,22
2004,ALICJA,2670,woman,23
2004,DAMIAN,2486,man,23
2004,MARTA,2447,woman,24
2004,SEBASTIAN,2471,man,24
2004,MARIA,1878,woman,25
2004,KRZYSZTOF,2462,man,25
2004,ZOFIA,1782,woman,26
2004,OSKAR,2460,man,26
2004,AGATA,1771,woman,27
2004,HUBERT,2346,man,27
2004,MAŁGORZATA,1754,woman,28
2004,KRYSTIAN,2327,man,28
2004,JOANNA,1698,woman,29
2004,MARCIN,2175,man,29
2004,KAMILA,1633,woman,30
2004,TOMASZ,2126,man,30
2004,DARIA,1574,woman,31
2004,KONRAD,2096,man,31
2004,SANDRA,1519,woman,32
2004,WOJCIECH,2021,man,32
2004,ROKSANA,1430,woman,33
2004,MAKSYMILIAN,1923,man,33
2004,AGNIESZKA,1418,woman,34
2004,DANIEL,1845,man,34
2004,LAURA,1286,woman,35
2004,ALEKSANDER,1761,man,35
2004,JUSTYNA,1214,woman,36
2004,KAROL,1720,man,36
2004,IZABELA,1171,woman,37
2004,MIŁOSZ,1637,man,37
2004,MONIKA,1155,woman,38
2004,OLIWIER,1495,man,38
2004,HANNA,1092,woman,39
2004,MARCEL,1432,man,39
2004,KORNELIA,948,woman,40
2004,PRZEMYSŁAW,1149,man,40
2004,MILENA,922,woman,41
2004,RAFAŁ,1130,man,41
2004,ANGELIKA,901,woman,42
2004,ERYK,1030,man,42
2004,JAGODA,864,woman,43
2004,ANTONI,994,man,43
2004,OLGA,768,woman,44
2004,ALAN,976,man,44
2004,EWELINA,740,woman,45
2004,GRZEGORZ,970,man,45
2004,EWA,731,woman,46
2004,NORBERT,956,man,46
2004,BARBARA,675,woman,47
2004,NIKODEM,928,man,47
2004,NADIA,668,woman,48
2004,STANISŁAW,881,man,48
2004,SARA,656,woman,49
2004,RADOSŁAW,786,man,49
2004,IGA,640,woman,50
2004,ARKADIUSZ,742,man,50
2005,JULIA,14180,woman,1
2005,JAKUB,15805,man,1
2005,WIKTORIA,11581,woman,2
2005,KACPER,12512,man,2
2005,NATALIA,9673,woman,3
2005,MATEUSZ,9933,man,3
2005,ALEKSANDRA,8688,woman,4
2005,MICHAŁ,6681,man,4
2005,OLIWIA,8587,woman,5
2005,SZYMON,6160,man,5
2005,ZUZANNA,6588,woman,6
2005,BARTOSZ,5529,man,6
2005,MARTYNA,5934,woman,7
2005,DAWID,5503,man,7
2005,WERONIKA,5727,woman,8
2005,KAMIL,5258,man,8
2005,KAROLINA,5397,woman,9
2005,MACIEJ,4809,man,9
2005,AMELIA,4797,woman,10
2005,PIOTR,4655,man,10
2005,MAJA,4576,woman,11
2005,PAWEŁ,4540,man,11
2005,PATRYCJA,3810,woman,12
2005,PATRYK,4410,man,12
2005,ANNA,3783,woman,13
2005,FILIP,4372,man,13
2005,KINGA,3767,woman,14
2005,MIKOŁAJ,3908,man,14
2005,KLAUDIA,3593,woman,15
2005,KAROL,3889,man,15
2005,MAGDALENA,3497,woman,16
2005,DOMINIK,3629,man,16
2005,NIKOLA,3421,woman,17
2005,WIKTOR,3586,man,17
2005,EMILIA,3312,woman,18
2005,JAN,3241,man,18
2005,DOMINIKA,3041,woman,19
2005,IGOR,3065,man,19
2005,KATARZYNA,2871,woman,20
2005,ADAM,2972,man,20
2005,PAULINA,2867,woman,21
2005,OSKAR,2962,man,21
2005,GABRIELA,2759,woman,22
2005,BARTŁOMIEJ,2903,man,22
2005,ALICJA,2608,woman,23
2005,ADRIAN,2691,man,23
2005,MARTA,2569,woman,24
2005,HUBERT,2643,man,24
2005,ZOFIA,2475,woman,25
2005,ŁUKASZ,2616,man,25
2005,MARIA,2333,woman,26
2005,WOJCIECH,2466,man,26
2005,AGATA,1883,woman,27
2005,SEBASTIAN,2344,man,27
2005,MAŁGORZATA,1685,woman,28
2005,KRZYSZTOF,2282,man,28
2005,DARIA,1556,woman,29
2005,OLIWIER,2261,man,29
2005,HANNA,1550,woman,30
2005,KRYSTIAN,2235,man,30
2005,JOANNA,1546,woman,31
2005,TOMASZ,2191,man,31
2005,KAMILA,1543,woman,32
2005,MARCIN,2155,man,32
2005,SANDRA,1358,woman,33
2005,DAMIAN,2102,man,33
2005,LAURA,1289,woman,34
2005,MAKSYMILIAN,2068,man,34
2005,ROKSANA,1250,woman,35
2005,KONRAD,1961,man,35
2005,JUSTYNA,1189,woman,36
2005,ALEKSANDER,1916,man,36
2005,MILENA,1131,woman,37
2005,DANIEL,1689,man,37
2005,IZABELA,1067,woman,38
2005,MIŁOSZ,1664,man,38
2005,AGNIESZKA,1052,woman,39
2005,MARCEL,1546,man,39
2005,MONIKA,992,woman,40
2005,ANTONI,1445,man,40
2005,KORNELIA,950,woman,41
2005,NIKODEM,1140,man,41
2005,JAGODA,908,woman,42
2005,ALAN,1131,man,42
2005,NADIA,905,woman,43
2005,RAFAŁ,1072,man,43
2005,OLGA,893,woman,44
2005,PRZEMYSŁAW,1044,man,44
2005,ANGELIKA,861,woman,45
2005,FRANCISZEK,1024,man,45
2005,IGA,732,woman,46
2005,ERYK,1020,man,46
2005,EWA,699,woman,47
2005,STANISŁAW,928,man,47
2005,BARBARA,661,woman,48
2005,GRZEGORZ,873,man,48
2005,EWELINA,642,woman,49
2005,NORBERT,870,man,49
2005,LENA,622,woman,50
2005,ARTUR,786,man,50
2006,JULIA,14256,woman,1
2006,JAKUB,15742,man,1
2006,WIKTORIA,11662,woman,2
2006,KACPER,12513,man,2
2006,OLIWIA,9679,woman,3
2006,MATEUSZ,8967,man,3
2006,NATALIA,8698,woman,4
2006,SZYMON,7348,man,4
2006,ALEKSANDRA,8339,woman,5
2006,BARTOSZ,6975,man,5
2006,ZUZANNA,7379,woman,6
2006,MICHAŁ,6587,man,6
2006,MARTYNA,5957,woman,7
2006,DAWID,5335,man,7
2006,MAJA,5503,woman,8
2006,PIOTR,4918,man,8
2006,AMELIA,5315,woman,9
2006,FILIP,4676,man,9
2006,WERONIKA,5272,woman,10
2006,MACIEJ,4625,man,10
2006,ANNA,4964,woman,11
2006,KAMIL,4592,man,11
2006,KAROLINA,4715,woman,12
2006,PATRYK,4359,man,12
2006,KINGA,3766,woman,13
2006,MIKOŁAJ,4287,man,13
2006,NIKOLA,3740,woman,14
2006,PAWEŁ,3996,man,14
2006,PATRYCJA,3729,woman,15
2006,WIKTOR,3994,man,15
2006,EMILIA,3600,woman,16
2006,DOMINIK,3824,man,16
2006,MAGDALENA,3484,woman,17
2006,KAROL,3804,man,17
2006,KLAUDIA,3274,woman,18
2006,OSKAR,3408,man,18
2006,DOMINIKA,2982,woman,19
2006,ADAM,3384,man,19
2006,ALICJA,2947,woman,20
2006,JAN,3220,man,20
2006,PAULINA,2937,woman,21
2006,IGOR,3152,man,21
2006,ZOFIA,2824,woman,22
2006,TOMASZ,2795,man,22
2006,GABRIELA,2779,woman,23
2006,ŁUKASZ,2761,man,23
2006,MARIA,2765,woman,24
2006,ADRIAN,2735,man,24
2006,KATARZYNA,2457,woman,25
2006,BARTŁOMIEJ,2713,man,25
2006,MARTA,2416,woman,26
2006,WOJCIECH,2608,man,26
2006,AGATA,2032,woman,27
2006,MAKSYMILIAN,2600,man,27
2006,HANNA,2010,woman,28
2006,KRZYSZTOF,2525,man,28
2006,JOANNA,1545,woman,29
2006,HUBERT,2447,man,29
2006,MAŁGORZATA,1539,woman,30
2006,OLIWIER,2335,man,30
2006,LENA,1509,woman,31
2006,SEBASTIAN,2328,man,31
2006,MILENA,1493,woman,32
2006,ALEKSANDER,2200,man,32
2006,KAMILA,1416,woman,33
2006,KRYSTIAN,2182,man,33
2006,DARIA,1383,woman,34
2006,MARCIN,2013,man,34
2006,SANDRA,1267,woman,35
2006,DAMIAN,1917,man,35
2006,ROKSANA,1257,woman,36
2006,MIŁOSZ,1912,man,36
2006,LAURA,1208,woman,37
2006,KONRAD,1879,man,37
2006,NADIA,1164,woman,38
2006,ANTONI,1846,man,38
2006,JUSTYNA,1142,woman,39
2006,MARCEL,1836,man,39
2006,IZABELA,1068,woman,40
2006,DANIEL,1607,man,40
2006,KORNELIA,1060,woman,41
2006,ALAN,1393,man,41
2006,JAGODA,968,woman,42
2006,FRANCISZEK,1309,man,42
2006,AGNIESZKA,960,woman,43
2006,NIKODEM,1191,man,43
2006,MONIKA,851,woman,44
2006,RAFAŁ,1190,man,44
2006,ANTONINA,831,woman,45
2006,STANISŁAW,1150,man,45
2006,ANGELIKA,770,woman,46
2006,PRZEMYSŁAW,1086,man,46
2006,OLGA,733,woman,47
2006,ERYK,1016,man,47
2006,SARA,729,woman,48
2006,FABIAN,912,man,48
2006,IGA,725,woman,49
2006,GRZEGORZ,901,man,49
2006,MALWINA,710,woman,50
2006,RADOSŁAW,889,man,50
2007,JULIA,15365,woman,1
2007,JAKUB,16080,man,1
2007,WIKTORIA,11588,woman,2
2007,KACPER,12180,man,2
2007,OLIWIA,9252,woman,3
2007,MATEUSZ,8645,man,3
2007,ZUZANNA,9107,woman,4
2007,SZYMON,7955,man,4
2007,NATALIA,8665,woman,5
2007,BARTOSZ,7655,man,5
2007,ALEKSANDRA,7651,woman,6
2007,MICHAŁ,6834,man,6
2007,AMELIA,7217,woman,7
2007,DAWID,5616,man,7
2007,MAJA,6548,woman,8
2007,FILIP,5572,man,8
2007,MARTYNA,5810,woman,9
2007,PIOTR,5223,man,9
2007,WERONIKA,5064,woman,10
2007,WIKTOR,4734,man,10
2007,ANNA,4688,woman,11
2007,MACIEJ,4558,man,11
2007,NIKOLA,4475,woman,12
2007,MIKOŁAJ,4258,man,12
2007,KAROLINA,4340,woman,13
2007,PATRYK,4148,man,13
2007,EMILIA,3758,woman,14
2007,PAWEŁ,3988,man,14
2007,ZOFIA,3649,woman,15
2007,KAMIL,3984,man,15
2007,KINGA,3360,woman,16
2007,DOMINIK,3898,man,16
2007,PATRYCJA,3334,woman,17
2007,ADAM,3782,man,17
2007,MARIA,3225,woman,18
2007,IGOR,3706,man,18
2007,MAGDALENA,3216,woman,19
2007,JAN,3543,man,19
2007,ALICJA,3190,woman,20
2007,OSKAR,3529,man,20
2007,KLAUDIA,3125,woman,21
2007,KAROL,3218,man,21
2007,GABRIELA,3104,woman,22
2007,ADRIAN,2970,man,22
2007,HANNA,2838,woman,23
2007,KRZYSZTOF,2928,man,23
2007,DOMINIKA,2710,woman,24
2007,MAKSYMILIAN,2834,man,24
2007,PAULINA,2670,woman,25
2007,TOMASZ,2812,man,25
2007,KATARZYNA,2350,woman,26
2007,WOJCIECH,2810,man,26
2007,MARTA,2233,woman,27
2007,BARTŁOMIEJ,2698,man,27
2007,LENA,2116,woman,28
2007,OLIWIER,2644,man,28
2007,AGATA,1995,woman,29
2007,ANTONI,2484,man,29
2007,MILENA,1796,woman,30
2007,ŁUKASZ,2475,man,30
2007,NADIA,1647,woman,31
2007,SEBASTIAN,2466,man,31
2007,MAŁGORZATA,1591,woman,32
2007,ALEKSANDER,2428,man,32
2007,LAURA,1420,woman,33
2007,KRYSTIAN,2395,man,33
2007,JOANNA,1406,woman,34
2007,HUBERT,2296,man,34
2007,KAMILA,1382,woman,35
2007,MARCEL,2296,man,35
2007,DARIA,1365,woman,36
2007,MARCIN,1988,man,36
2007,ANTONINA,1358,woman,37
2007,MIŁOSZ,1983,man,37
2007,SANDRA,1355,woman,38
2007,DAMIAN,1875,man,38
2007,ROKSANA,1299,woman,39
2007,FRANCISZEK,1725,man,39
2007,KORNELIA,1154,woman,40
2007,KONRAD,1722,man,40
2007,JAGODA,1126,woman,41
2007,DANIEL,1661,man,41
2007,JUSTYNA,1022,woman,42
2007,ALAN,1569,man,42
2007,MICHALINA,1000,woman,43
2007,NIKODEM,1455,man,43
2007,IZABELA,936,woman,44
2007,STANISŁAW,1302,man,44
2007,AGNIESZKA,879,woman,45
2007,RAFAŁ,1172,man,45
2007,MONIKA,827,woman,46
2007,PRZEMYSŁAW,1104,man,46
2007,IGA,775,woman,47
2007,FABIAN,1090,man,47
2007,MARCELINA,742,woman,48
2007,ERYK,1067,man,48
2007,SARA,730,woman,49
2007,GRZEGORZ,978,man,49
2007,ANGELIKA,718,woman,50
2007,ARTUR,953,man,50
2008,JULIA,17276,woman,1
2008,JAKUB,15771,man,1
2008,WIKTORIA,10986,woman,2
2008,KACPER,11611,man,2
2008,ZUZANNA,10676,woman,3
2008,MATEUSZ,9021,man,3
2008,MAJA,9683,woman,4
2008,SZYMON,8393,man,4
2008,OLIWIA,9507,woman,5
2008,BARTOSZ,7490,man,5
2008,NATALIA,8570,woman,6
2008,FILIP,7323,man,6
2008,AMELIA,7461,woman,7
2008,MICHAŁ,7204,man,7
2008,ALEKSANDRA,7124,woman,8
2008,DAWID,5642,man,8
2008,NIKOLA,5558,woman,9
2008,WIKTOR,5494,man,9
2008,MARTYNA,5237,woman,10
2008,PIOTR,5359,man,10
2008,WERONIKA,5011,woman,11
2008,MACIEJ,4655,man,11
2008,ANNA,4578,woman,12
2008,PATRYK,4595,man,12
2008,ZOFIA,4370,woman,13
2008,MIKOŁAJ,4354,man,13
2008,EMILIA,4189,woman,14
2008,IGOR,4256,man,14
2008,KAROLINA,3996,woman,15
2008,ADAM,4114,man,15
2008,GABRIELA,3490,woman,16
2008,JAN,4114,man,16
2008,MARIA,3447,woman,17
2008,DOMINIK,3883,man,17
2008,PATRYCJA,3441,woman,18
2008,PAWEŁ,3855,man,18
2008,ALICJA,3383,woman,19
2008,KAMIL,3782,man,19
2008,HANNA,3317,woman,20
2008,OSKAR,3586,man,20
2008,KINGA,3208,woman,21
2008,KRZYSZTOF,3296,man,21
2008,LENA,3197,woman,22
2008,KAROL,3214,man,22
2008,MAGDALENA,2974,woman,23
2008,ALEKSANDER,3111,man,23
2008,KLAUDIA,2810,woman,24
2008,WOJCIECH,3099,man,24
2008,PAULINA,2757,woman,25
2008,MARCEL,3058,man,25
2008,DOMINIKA,2497,woman,26
2008,ANTONI,3030,man,26
2008,NADIA,2406,woman,27
2008,BARTŁOMIEJ,2989,man,27
2008,MILENA,2334,woman,28
2008,ADRIAN,2965,man,28
2008,MARTA,2305,woman,29
2008,MAKSYMILIAN,2948,man,29
2008,KATARZYNA,2120,woman,30
2008,TOMASZ,2888,man,30
2008,AGATA,2047,woman,31
2008,OLIWIER,2878,man,31
2008,ANTONINA,1851,woman,32
2008,HUBERT,2777,man,32
2008,LAURA,1681,woman,33
2008,KRYSTIAN,2636,man,33
2008,ROKSANA,1606,woman,34
2008,ŁUKASZ,2399,man,34
2008,MAŁGORZATA,1586,woman,35
2008,SEBASTIAN,2376,man,35
2008,MICHALINA,1492,woman,36
2008,MIŁOSZ,2252,man,36
2008,DARIA,1453,woman,37
2008,FRANCISZEK,2223,man,37
2008,JOANNA,1453,woman,38
2008,ALAN,2096,man,38
2008,SANDRA,1325,woman,39
2008,MARCIN,1881,man,39
2008,KAMILA,1312,woman,40
2008,NIKODEM,1822,man,40
2008,KORNELIA,1258,woman,41
2008,DAMIAN,1748,man,41
2008,JAGODA,1141,woman,42
2008,KONRAD,1722,man,42
2008,IGA,1069,woman,43
2008,DANIEL,1611,man,43
2008,IZABELA,974,woman,44
2008,STANISŁAW,1439,man,44
2008,OLGA,933,woman,45
2008,RAFAŁ,1278,man,45
2008,NINA,895,woman,46
2008,FABIAN,1239,man,46
2008,JUSTYNA,894,woman,47
2008,GABRIEL,1140,man,47
2008,MARCELINA,840,woman,48
2008,ERYK,1135,man,48
2008,NICOLA,836,woman,49
2008,ARTUR,1124,man,49
2008,POLA,798,woman,50
2008,PRZEMYSŁAW,1090,man,50
2009,JULIA,15825,woman,1
2009,JAKUB,14646,man,1
2009,MAJA,11666,woman,2
2009,KACPER,10282,man,2
2009,ZUZANNA,10549,woman,3
2009,SZYMON,8944,man,3
2009,WIKTORIA,9335,woman,4
2009,FILIP,8518,man,4
2009,OLIWIA,8568,woman,5
2009,MATEUSZ,8427,man,5
2009,AMELIA,7884,woman,6
2009,MICHAŁ,7260,man,6
2009,NATALIA,7589,woman,7
2009,BARTOSZ,7186,man,7
2009,ALEKSANDRA,6835,woman,8
2009,WIKTOR,5507,man,8
2009,LENA,5773,woman,9
2009,PIOTR,5428,man,9
2009,NIKOLA,5466,woman,10
2009,DAWID,5264,man,10
2009,ZOFIA,5162,woman,11
2009,ADAM,4653,man,11
2009,MARTYNA,5021,woman,12
2009,JAN,4554,man,12
2009,WERONIKA,4443,woman,13
2009,MACIEJ,4421,man,13
2009,EMILIA,4364,woman,14
2009,IGOR,4320,man,14
2009,ANNA,4305,woman,15
2009,PATRYK,4195,man,15
2009,MAGDALENA,4062,woman,16
2009,MIKOŁAJ,4181,man,16
2009,HANNA,3945,woman,17
2009,DOMINIK,3929,man,17
2009,KAROLINA,3871,woman,18
2009,OSKAR,3895,man,18
2009,GABRIELA,3755,woman,19
2009,PAWEŁ,3828,man,19
2009,ALICJA,3397,woman,20
2009,ANTONI,3677,man,20
2009,MARIA,3252,woman,21
2009,WOJCIECH,3614,man,21
2009,NADIA,3104,woman,22
2009,ALEKSANDER,3494,man,22
2009,KINGA,2904,woman,23
2009,KAMIL,3477,man,23
2009,PAULINA,2765,woman,24
2009,MARCEL,3186,man,24
2009,PATRYCJA,2666,woman,25
2009,KRZYSZTOF,3176,man,25
2009,MILENA,2659,woman,26
2009,OLIWIER,3171,man,26
2009,KLAUDIA,2547,woman,27
2009,KAROL,3103,man,27
2009,AGATA,2224,woman,28
2009,FRANCISZEK,2970,man,28
2009,LAURA,2146,woman,29
2009,MAKSYMILIAN,2941,man,29
2009,MARTA,2095,woman,30
2009,TOMASZ,2921,man,30
2009,DOMINIKA,1973,woman,31
2009,HUBERT,2875,man,31
2009,KATARZYNA,1955,woman,32
2009,BARTŁOMIEJ,2654,man,32
2009,ANTONINA,1943,woman,33
2009,ADRIAN,2605,man,33
2009,MAŁGORZATA,1632,woman,34
2009,ALAN,2588,man,34
2009,MICHALINA,1616,woman,35
2009,SEBASTIAN,2508,man,35
2009,DARIA,1429,woman,36
2009,MIŁOSZ,2320,man,36
2009,ROKSANA,1391,woman,37
2009,KRYSTIAN,2298,man,37
2009,KORNELIA,1370,woman,38
2009,ŁUKASZ,2126,man,38
2009,JOANNA,1312,woman,39
2009,NIKODEM,2056,man,39
2009,IGA,1211,woman,40
2009,GABRIEL,1894,man,40
2009,KAMILA,1198,woman,41
2009,MARCIN,1771,man,41
2009,SANDRA,1151,woman,42
2009,STANISŁAW,1731,man,42
2009,JAGODA,1115,woman,43
2009,DAMIAN,1708,man,43
2009,NINA,1111,woman,44
2009,DANIEL,1537,man,44
2009,IZABELA,1058,woman,45
2009,KONRAD,1466,man,45
2009,POLA,918,woman,46
2009,FABIAN,1344,man,46
2009,BARBARA,900,woman,47
2009,BŁAŻEJ,1185,man,47
2009,MALWINA,884,woman,48
2009,TYMOTEUSZ,1173,man,48
2009,BLANKA,856,woman,49
2009,RAFAŁ,1169,man,49
2009,JUSTYNA,846,woman,50
2009,KSAWERY,1111,man,50
2010,JULIA,15214,woman,1
2010,JAKUB,13618,man,1
2010,MAJA,12207,woman,2
2010,SZYMON,10358,man,2
2010,ZUZANNA,10154,woman,3
2010,KACPER,8781,man,3
2010,LENA,8552,woman,4
2010,FILIP,8555,man,4
2010,WIKTORIA,7791,woman,5
2010,MICHAŁ,7594,man,5
2010,AMELIA,7498,woman,6
2010,MATEUSZ,7335,man,6
2010,OLIWIA,7154,woman,7
2010,BARTOSZ,6648,man,7
2010,ALEKSANDRA,7089,woman,8
2010,ADAM,5499,man,8
2010,NATALIA,6940,woman,9
2010,WOJCIECH,5497,man,9
2010,ZOFIA,5194,woman,10
2010,WIKTOR,5284,man,10
2010,NIKOLA,4762,woman,11
2010,PIOTR,5175,man,11
2010,MARTYNA,4674,woman,12
2010,JAN,5057,man,12
2010,EMILIA,4364,woman,13
2010,DAWID,4995,man,13
2010,HANNA,4274,woman,14
2010,MIKOŁAJ,4738,man,14
2010,ALICJA,4198,woman,15
2010,IGOR,4303,man,15
2010,ANNA,4106,woman,16
2010,MACIEJ,4204,man,16
2010,GABRIELA,3781,woman,17
2010,ALEKSANDER,4190,man,17
2010,WERONIKA,3722,woman,18
2010,ANTONI,4104,man,18
2010,MARIA,3696,woman,19
2010,PATRYK,3713,man,19
2010,MAGDALENA,3531,woman,20
2010,DOMINIK,3683,man,20
2010,KAROLINA,3483,woman,21
2010,OSKAR,3508,man,21
2010,NADIA,3322,woman,22
2010,PAWEŁ,3476,man,22
2010,MILENA,2938,woman,23
2010,FRANCISZEK,3370,man,23
2010,LAURA,2389,woman,24
2010,MARCEL,3352,man,24
2010,PAULINA,2382,woman,25
2010,KRZYSZTOF,3122,man,25
2010,PATRYCJA,2232,woman,26
2010,TOMASZ,3041,man,26
2010,KINGA,2185,woman,27
2010,OLIWIER,2991,man,27
2010,AGATA,2161,woman,28
2010,KAMIL,2990,man,28
2010,MARTA,2049,woman,29
2010,MAKSYMILIAN,2934,man,29
2010,ANTONINA,2043,woman,30
2010,KAROL,2858,man,30
2010,KLAUDIA,1984,woman,31
2010,HUBERT,2714,man,31
2010,KATARZYNA,1862,woman,32
2010,ALAN,2495,man,32
2010,DOMINIKA,1771,woman,33
2010,BARTŁOMIEJ,2454,man,33
2010,MAŁGORZATA,1656,woman,34
2010,MIŁOSZ,2287,man,34
2010,MICHALINA,1621,woman,35
2010,NIKODEM,2278,man,35
2010,KORNELIA,1354,woman,36
2010,ADRIAN,2240,man,36
2010,DARIA,1352,woman,37
2010,SEBASTIAN,2240,man,37
2010,JOANNA,1339,woman,38
2010,ŁUKASZ,1973,man,38
2010,JAGODA,1288,woman,39
2010,KRYSTIAN,1951,man,39
2010,IGA,1257,woman,40
2010,STANISŁAW,1950,man,40
2010,BARBARA,1234,woman,41
2010,GABRIEL,1628,man,41
2010,NINA,1163,woman,42
2010,MARCIN,1591,man,42
2010,BLANKA,1100,woman,43
2010,DAMIAN,1435,man,43
2010,ROKSANA,1083,woman,44
2010,KSAWERY,1404,man,44
2010,SANDRA,1057,woman,45
2010,DANIEL,1328,man,45
2010,KAMILA,1049,woman,46
2010,FABIAN,1328,man,46
2010,IZABELA,1014,woman,47
2010,TYMOTEUSZ,1308,man,47
2010,POLA,987,woman,48
2010,KONRAD,1288,man,48
2010,EWA,985,woman,49
2010,BŁAŻEJ,1159,man,49
2010,LILIANA,912,woman,50
2010,JULIAN,1112,man,50
2011,JULIA,13436,woman,1
2011,JAKUB,12474,man,1
2011,MAJA,10949,woman,2
2011,SZYMON,9260,man,2
2011,LENA,10060,woman,3
2011,FILIP,8267,man,3
2011,ZUZANNA,9151,woman,4
2011,KACPER,7831,man,4
2011,WIKTORIA,7221,woman,5
2011,MICHAŁ,6478,man,5
2011,AMELIA,6777,woman,6
2011,MATEUSZ,6399,man,6
2011,ALEKSANDRA,6458,woman,7
2011,BARTOSZ,5989,man,7
2011,OLIWIA,6341,woman,8
2011,ADAM,5505,man,8
2011,NATALIA,6250,woman,9
2011,JAN,5400,man,9
2011,ZOFIA,5006,woman,10
2011,WOJCIECH,5075,man,10
2011,HANNA,4681,woman,11
2011,PIOTR,4834,man,11
2011,ALICJA,4360,woman,12
2011,WIKTOR,4595,man,12
2011,EMILIA,4085,woman,13
2011,ANTONI,4477,man,13
2011,NIKOLA,4073,woman,14
2011,IGOR,4404,man,14
2011,MARTYNA,3923,woman,15
2011,ALEKSANDER,4268,man,15
2011,ANNA,3855,woman,16
2011,MIKOŁAJ,4228,man,16
2011,MARIA,3795,woman,17
2011,DAWID,4164,man,17
2011,GABRIELA,3547,woman,18
2011,KAROL,3590,man,18
2011,NADIA,3221,woman,19
2011,MACIEJ,3531,man,19
2011,WERONIKA,3081,woman,20
2011,FRANCISZEK,3327,man,20
2011,KAROLINA,2978,woman,21
2011,MARCEL,3316,man,21
2011,MILENA,2953,woman,22
2011,PATRYK,3132,man,22
2011,MAGDALENA,2877,woman,23
2011,OSKAR,3115,man,23
2011,LAURA,2616,woman,24
2011,DOMINIK,3106,man,24
2011,ANTONINA,2309,woman,25
2011,PAWEŁ,2970,man,25
2011,PAULINA,2022,woman,26
2011,KRZYSZTOF,2779,man,26
2011,AGATA,1952,woman,27
2011,TOMASZ,2718,man,27
2011,PATRYCJA,1932,woman,28
2011,KAMIL,2703,man,28
2011,MARTA,1810,woman,29
2011,MAKSYMILIAN,2685,man,29
2011,KINGA,1730,woman,30
2011,OLIWIER,2658,man,30
2011,MICHALINA,1725,woman,31
2011,ALAN,2588,man,31
2011,KATARZYNA,1598,woman,32
2011,HUBERT,2361,man,32
2011,KLAUDIA,1594,woman,33
2011,STANISŁAW,2327,man,33
2011,MAŁGORZATA,1491,woman,34
2011,BARTŁOMIEJ,2244,man,34
2011,DOMINIKA,1407,woman,35
2011,NIKODEM,2217,man,35
2011,NINA,1367,woman,36
2011,SEBASTIAN,2134,man,36
2011,KORNELIA,1300,woman,37
2011,MIŁOSZ,2088,man,37
2011,JOANNA,1230,woman,38
2011,ADRIAN,1957,man,38
2011,IGA,1208,woman,39
2011,KRYSTIAN,1723,man,39
2011,BARBARA,1207,woman,40
2011,GABRIEL,1689,man,40
2011,POLA,1206,woman,41
2011,KSAWERY,1646,man,41
2011,JAGODA,1177,woman,42
2011,ŁUKASZ,1563,man,42
2011,LILIANA,1138,woman,43
2011,MARCIN,1357,man,43
2011,BLANKA,1035,woman,44
2011,FABIAN,1318,man,44
2011,IZABELA,1001,woman,45
2011,TYMOTEUSZ,1276,man,45
2011,HELENA,994,woman,46
2011,DAMIAN,1241,man,46
2011,EWA,974,woman,47
2011,JULIAN,1208,man,47
2011,DARIA,952,woman,48
2011,BŁAŻEJ,1175,man,48
2011,KAMILA,939,woman,49
2011,DANIEL,1118,man,49
2011,ROKSANA,917,woman,50
2011,BORYS,1081,man,50
2012,JULIA,13431,woman,1
2012,JAKUB,11438,man,1
2012,LENA,11555,woman,2
2012,KACPER,8791,man,2
2012,MAJA,9816,woman,3
2012,FILIP,8348,man,3
2012,ZUZANNA,8586,woman,4
2012,SZYMON,7947,man,4
2012,WIKTORIA,6711,woman,5
2012,JAN,6368,man,5
2012,AMELIA,6347,woman,6
2012,MICHAŁ,5954,man,6
2012,OLIWIA,6100,woman,7
2012,ANTONI,5644,man,7
2012,ALEKSANDRA,5898,woman,8
2012,MATEUSZ,5325,man,8
2012,NATALIA,5656,woman,9
2012,BARTOSZ,5231,man,9
2012,ZOFIA,5406,woman,10
2012,WOJCIECH,5046,man,10
2012,HANNA,5106,woman,11
2012,ADAM,4850,man,11
2012,ALICJA,4222,woman,12
2012,PIOTR,4530,man,12
2012,EMILIA,3885,woman,13
2012,ALEKSANDER,4349,man,13
2012,NIKOLA,3760,woman,14
2012,IGOR,4288,man,14
2012,MARIA,3729,woman,15
2012,MIKOŁAJ,4283,man,15
2012,ANNA,3677,woman,16
2012,WIKTOR,4186,man,16
2012,GABRIELA,3336,woman,17
2012,DAWID,3780,man,17
2012,MARTYNA,3335,woman,18
2012,MARCEL,3578,man,18
2012,NADIA,3110,woman,19
2012,FRANCISZEK,3522,man,19
2012,MILENA,3010,woman,20
2012,MACIEJ,3270,man,20
2012,MAGDALENA,2888,woman,21
2012,ALAN,3189,man,21
2012,WERONIKA,2688,woman,22
2012,KAROL,3000,man,22
2012,KAROLINA,2685,woman,23
2012,DOMINIK,2925,man,23
2012,LAURA,2469,woman,24
2012,OSKAR,2884,man,24
2012,ANTONINA,2274,woman,25
2012,OLIWIER,2746,man,25
2012,AGATA,1874,woman,26
2012,HUBERT,2629,man,26
2012,POLA,1842,woman,27
2012,PAWEŁ,2598,man,27
2012,KORNELIA,1747,woman,28
2012,TOMASZ,2587,man,28
2012,PAULINA,1702,woman,29
2012,KRZYSZTOF,2548,man,29
2012,KINGA,1638,woman,30
2012,PATRYK,2536,man,30
2012,PATRYCJA,1577,woman,31
2012,MAKSYMILIAN,2521,man,31
2012,MARTA,1505,woman,32
2012,KAMIL,2441,man,32
2012,MICHALINA,1479,woman,33
2012,MIŁOSZ,2440,man,33
2012,NINA,1422,woman,34
2012,STANISŁAW,2358,man,34
2012,MAŁGORZATA,1383,woman,35
2012,NIKODEM,2245,man,35
2012,IGA,1375,woman,36
2012,BARTŁOMIEJ,1962,man,36
2012,KLAUDIA,1343,woman,37
2012,SEBASTIAN,1880,man,37
2012,KATARZYNA,1341,woman,38
2012,ADRIAN,1659,man,38
2012,JOANNA,1324,woman,39
2012,GABRIEL,1592,man,39
2012,JAGODA,1306,woman,40
2012,KRYSTIAN,1540,man,40
2012,LILIANA,1275,woman,41
2012,TYMOTEUSZ,1505,man,41
2012,DOMINIKA,1195,woman,42
2012,KSAWERY,1490,man,42
2012,BARBARA,1182,woman,43
2012,JULIAN,1449,man,43
2012,BLANKA,1058,woman,44
2012,FABIAN,1355,man,44
2012,HELENA,1025,woman,45
2012,ŁUKASZ,1346,man,45
2012,MARCELINA,1009,woman,46
2012,LEON,1333,man,46
2012,IZABELA,979,woman,47
2012,TYMON,1286,man,47
2012,KAJA,955,woman,48
2012,IGNACY,1220,man,48
2012,EWA,920,woman,49
2012,BŁAŻEJ,1214,man,49
2012,ŁUCJA,864,woman,50
2012,MARCIN,1159,man,50
2013,LENA,10003,woman,1
2013,JAKUB,9619,man,1
2013,JULIA,9744,woman,2
2013,KACPER,7573,man,2
2013,ZUZANNA,8503,woman,3
2013,FILIP,6973,man,3
2013,MAJA,8134,woman,4
2013,SZYMON,6487,man,4
2013,ZOFIA,5924,woman,5
2013,JAN,6222,man,5
2013,AMELIA,5466,woman,6
2013,ANTONI,5891,man,6
2013,HANNA,5456,woman,7
2013,MICHAŁ,5058,man,7
2013,ALEKSANDRA,5381,woman,8
2013,WOJCIECH,4679,man,8
2013,WIKTORIA,5348,woman,9
2013,MATEUSZ,4411,man,9
2013,NATALIA,4868,woman,10
2013,BARTOSZ,4237,man,10
2013,OLIWIA,4858,woman,11
2013,ADAM,4193,man,11
2013,ALICJA,4279,woman,12
2013,FRANCISZEK,4142,man,12
2013,NIKOLA,3732,woman,13
2013,PIOTR,3991,man,13
2013,MARIA,3423,woman,14
2013,ALEKSANDER,3931,man,14
2013,EMILIA,3292,woman,15
2013,MIKOŁAJ,3613,man,15
2013,ANNA,3268,woman,16
2013,WIKTOR,3587,man,16
2013,NADIA,2717,woman,17
2013,IGOR,3540,man,17
2013,GABRIELA,2681,woman,18
2013,MARCEL,3342,man,18
2013,MARTYNA,2675,woman,19
2013,DAWID,2924,man,19
2013,ANTONINA,2569,woman,20
2013,ALAN,2722,man,20
2013,MILENA,2436,woman,21
2013,OLIWIER,2701,man,21
2013,MAGDALENA,2258,woman,22
2013,MACIEJ,2684,man,22
2013,LAURA,2089,woman,23
2013,OSKAR,2517,man,23
2013,WERONIKA,2058,woman,24
2013,KAROL,2450,man,24
2013,KAROLINA,1971,woman,25
2013,TOMASZ,2389,man,25
2013,POLA,1813,woman,26
2013,MAKSYMILIAN,2354,man,26
2013,AGATA,1698,woman,27
2013,DOMINIK,2301,man,27
2013,KORNELIA,1642,woman,28
2013,STANISŁAW,2293,man,28
2013,LILIANA,1497,woman,29
2013,MIŁOSZ,2217,man,29
2013,IGA,1360,woman,30
2013,PAWEŁ,2175,man,30
2013,MICHALINA,1340,woman,31
2013,HUBERT,2139,man,31
2013,PATRYCJA,1306,woman,32
2013,KRZYSZTOF,2132,man,32
2013,PAULINA,1301,woman,33
2013,KAMIL,1942,man,33
2013,KINGA,1290,woman,34
2013,PATRYK,1929,man,34
2013,NINA,1273,woman,35
2013,NIKODEM,1897,man,35
2013,JAGODA,1200,woman,36
2013,FABIAN,1766,man,36
2013,MARTA,1196,woman,37
2013,BARTŁOMIEJ,1688,man,37
2013,KATARZYNA,1126,woman,38
2013,LEON,1593,man,38
2013,JOANNA,1106,woman,39
2013,SEBASTIAN,1511,man,39
2013,MAŁGORZATA,1099,woman,40
2013,JULIAN,1427,man,40
2013,KLAUDIA,1056,woman,41
2013,TYMOTEUSZ,1321,man,41
2013,HELENA,1028,woman,42
2013,GABRIEL,1285,man,42
2013,BARBARA,953,woman,43
2013,TYMON,1239,man,43
2013,DOMINIKA,935,woman,44
2013,KRYSTIAN,1225,man,44
2013,KAJA,925,woman,45
2013,KSAWERY,1182,man,45
2013,BLANKA,912,woman,46
2013,ADRIAN,1176,man,46
2013,MARCELINA,895,woman,47
2013,IGNACY,1048,man,47
2013,IZABELA,840,woman,48
2013,ŁUKASZ,1025,man,48
2013,EWA,728,woman,49
2013,BŁAŻEJ,998,man,49
2013,ŁUCJA,721,woman,50
2013,MARCIN,952,man,50
2014,LENA,9642,woman,1
2014,JAKUB,9382,man,1
2014,ZUZANNA,8856,woman,2
2014,KACPER,7232,man,2
2014,JULIA,8572,woman,3
2014,ANTONI,7143,man,3
2014,MAJA,8055,woman,4
2014,FILIP,6903,man,4
2014,ZOFIA,6733,woman,5
2014,JAN,6817,man,5
2014,HANNA,6407,woman,6
2014,SZYMON,6112,man,6
2014,ALEKSANDRA,5935,woman,7
2014,FRANCISZEK,5139,man,7
2014,AMELIA,5586,woman,8
2014,MICHAŁ,5004,man,8
2014,NATALIA,5205,woman,9
2014,WOJCIECH,4959,man,9
2014,WIKTORIA,5149,woman,10
2014,ALEKSANDER,4896,man,10
2014,ALICJA,4932,woman,11
2014,MIKOŁAJ,4787,man,11
2014,OLIWIA,4807,woman,12
2014,ADAM,4681,man,12
2014,NIKOLA,3969,woman,13
2014,PIOTR,4149,man,13
2014,MARIA,3719,woman,14
2014,MATEUSZ,3978,man,14
2014,EMILIA,3604,woman,15
2014,BARTOSZ,3939,man,15
2014,ANNA,3265,woman,16
2014,IGOR,3795,man,16
2014,NADIA,3103,woman,17
2014,WIKTOR,3755,man,17
2014,ANTONINA,2953,woman,18
2014,MARCEL,3736,man,18
2014,GABRIELA,2808,woman,19
2014,DAWID,3021,man,19
2014,MARTYNA,2719,woman,20
2014,STANISŁAW,2798,man,20
2014,LILIANA,2543,woman,21
2014,MIŁOSZ,2713,man,21
2014,MILENA,2463,woman,22
2014,MAKSYMILIAN,2712,man,22
2014,LAURA,2261,woman,23
2014,KAROL,2684,man,23
2014,POLA,2224,woman,24
2014,ALAN,2665,man,24
2014,MAGDALENA,2175,woman,25
2014,OLIWIER,2556,man,25
2014,KAROLINA,2004,woman,26
2014,OSKAR,2549,man,26
2014,KORNELIA,1942,woman,27
2014,MACIEJ,2514,man,27
2014,WERONIKA,1855,woman,28
2014,TOMASZ,2401,man,28
2014,AGATA,1812,woman,29
2014,DOMINIK,2309,man,29
2014,IGA,1729,woman,30
2014,NIKODEM,2293,man,30
2014,JAGODA,1572,woman,31
2014,KRZYSZTOF,2160,man,31
2014,NINA,1471,woman,32
2014,PAWEŁ,2103,man,32
2014,BARBARA,1432,woman,33
2014,LEON,2051,man,33
2014,MICHALINA,1428,woman,34
2014,HUBERT,1951,man,34
2014,KINGA,1344,woman,35
2014,KAMIL,1884,man,35
2014,HELENA,1334,woman,36
2014,NATAN,1852,man,36
2014,PAULINA,1332,woman,37
2014,FABIAN,1815,man,37
2014,MARCELINA,1216,woman,38
2014,PATRYK,1669,man,38
2014,MARTA,1150,woman,39
2014,BARTŁOMIEJ,1634,man,39
2014,PATRYCJA,1133,woman,40
2014,JULIAN,1573,man,40
2014,MAŁGORZATA,1106,woman,41
2014,TYMON,1535,man,41
2014,KATARZYNA,1095,woman,42
2014,TYMOTEUSZ,1531,man,42
2014,KLAUDIA,1021,woman,43
2014,KSAWERY,1434,man,43
2014,ŁUCJA,952,woman,44
2014,IGNACY,1408,man,44
2014,JOANNA,949,woman,45
2014,SEBASTIAN,1403,man,45
2014,BLANKA,928,woman,46
2014,GABRIEL,1392,man,46
2014,KAJA,918,woman,47
2014,KRYSTIAN,1126,man,47
2014,IZABELA,875,woman,48
2014,ADRIAN,1103,man,48
2014,DOMINIKA,866,woman,49
2014,ŁUKASZ,935,man,49
2014,EWA,755,woman,50
2014,MARCIN,910,man,50